{
    "type": "smithing_transform",
    "base": "chainmail_chestplate",
    "addition": "elytra",
    "result": {
        "id": "chainmail_chestplate",
        "components": {
            "glider": {},
            "equippable":{"slot": "chest","asset_id": "elytra_chestplate:elytra_chainmail_chestplate"},
            "item_model":"elytra_chestplate:elytra_chainmail_chestplate",
            "rarity": "epic",
            "item_name": "[{\"translate\":\"item.elytra_chestplate.elytra_chainmail_chestplate\",\"fallback\":\"%1$s %2$s\",\"with\":[{\"translate\":\"item.minecraft.elytra\"},{\"translate\":\"item.minecraft.chainmail_chestplate\"}]}]"
        }
    }
}