[
    {
        "function": "set_item",
        "item": "minecraft:netherite_chestplate"
    },
    {
        "function": "set_components",
        "components": {
            "glider": {},
            "equippable":{"slot": "chest","model": "elytra_chestplate:elytra_netherite_chestplate"},
            "item_model":"elytra_chestplate:elytra_netherite_chestplate",
            "rarity": "epic",
            "item_name": "[{\"translate\":\"item.elytra_chestplate.elytra_netherite_chestplate\",\"fallback\":\"%1$s %2$s\",\"with\":[{\"translate\":\"item.minecraft.elytra\"},{\"translate\":\"item.minecraft.netherite_chestplate\"}]}]"
        }
    }
]